title,town,when,notes
Out Film CT Festival,Hartford,June,Annual LGBTQ+ film festival
Central Rock Gym Pride Night,Glastonbury,June,Annual
Quassy Friends & Family Fun Day,Middlebury,June,Hosted by Pride in the Hills. Free admission with RSVP.
New Haven Black Pride,New Haven,June,"The source lists June 14, 2025; confirm this year's date"
ALEX Inc. Pride,Guilford,June,Also runs queer proms and galas
Quiet Corner Pride,Putnam,Usually first weekend of May,Annual pride celebration
Lavender Country and Folk Dancers Camp,Woodstock Valley,October,Gender-free contra and English country dance
The Health Collective's One Big Event,Hartford,November,Annual gala
SHAG Festival,New Preston and Washington,Not stated,"Arts festival at Spring Hill Vineyards, with Pride in the Hills"
International Festival of Arts & Ideas,New Haven,Not stated,Includes LGBTQ+ programming; much of it free
