title,host,venue,town,suggested_activity,schedule,time,audience,age,cost,notes,schedule_is_specific,verified
Blue Orchid Trivia Thursday,Blue Orchid,Blue Orchid Bar & Restaurant,New Haven,trivia,Weekly on Thursdays,Sign up at 7 PM,Everyone,,,,Yes,No
Blue Orchid Karaoke Night,Blue Orchid,Blue Orchid Bar & Restaurant,New Haven,karaoke,Weekly on Saturdays,9 PM,Everyone,,,,Yes,No
Troupe 429 Drag Brunch,Troupe 429,Troupe 429,Norwalk,brunch; drag-shows,Weekly on Sundays,Not stated,Everyone,,,Bottomless mimosas and unlimited brunch,Partly,No
Troupe 429 Trivia,Troupe 429,Troupe 429,Norwalk,trivia,Not stated,Not stated,Everyone,,,,No,No
Troupe 429 Karaoke,Troupe 429,Troupe 429,Norwalk,karaoke,Not stated,Not stated,Everyone,,,,No,No
Troupe 429 Burlesque Show,Troupe 429,Troupe 429,Norwalk,cabaret-and-burlesque,Not stated,Not stated,Everyone,,,,No,No
Troupe 429 Shows and DJ Dance Floor,Troupe 429,Troupe 429,Norwalk,dancing,Not stated,Not stated,Everyone,,,Also darts and video VJ nights,No,No
Siren Party CT,Siren Party CT,Troupe 429 area; confirm venue,Norwalk,sapphic-nights; dancing,Dates vary,"7 to 9 PM bingo, then 9 PM to 2 AM party","Lesbian, bi and pan women, and friends",,,Described as the longest running sapphic party,Partly,No
For the Girls,For the Girls,Varies,Hartford and New Haven,sapphic-nights; dancing,Monthly,Not stated,Queer women; very BIPOC inclusive,,,Party series,Partly,No
Pink Drink Social,Chez Est,Chez Est,Hartford,meetups-and-mixers,Not stated,Not stated,Everyone,,,Can be ASL inclusive; good for Deaf and hard of hearing people,No,No
Beers & Queers,Stamford Pride,Half Full Brewery / Third Place,Stamford,meetups-and-mixers,Monthly,7 to 9 PM,Everyone,,,Alcoholic and non-alcoholic drinks,Partly,No
Strange Ways Queer Mixers,Strange Ways,Strange Ways,New Haven,singles-mixers,Periodic,Not stated,Everyone,,,Optional bracelet shows what you're looking for. Vendors and refreshments.,No,No
Maia's Music Room,Trans Haven,"Trans Haven, 952 State St",New Haven,live-music,Monthly on the 3rd Saturday,7:30 to 10 PM,Open to all trans people,,,No musical talent required; many people just hang out,Yes,No
TPOC Art Circle,Trans Haven,"Trans Haven, 952 State St",New Haven,arts-and-crafts,"Monthly on the 2nd Sunday, plus any 5th Sunday",11 AM to 2 PM,Trans people of color,,,Support and hangout group,Yes,No
Nonbinary Hangout,Trans Haven,"Trans Haven, 952 State St",New Haven,community-hangouts,Monthly on the 4th Sunday,3 to 5 PM,Nonbinary people,,,,Yes,No
FEMinent Domain (New Haven),Trans Haven,"Trans Haven, 952 State St",New Haven,community-hangouts,Monthly on the 1st Saturday,3 to 5 PM,Transfeminine people,,,,Yes,No
FEMinent Domain (Middletown),Trans Haven,"Perk on Main, 386 Main St",Middletown,community-hangouts,Monthly on the 4th Saturday,4 to 6 PM,Transfeminine people,,,,Yes,No
Hangout (Hartford),Trans Haven,To be confirmed,Hartford,community-hangouts,Monthly on the 1st Tuesday,7 to 9 PM,Transmasculine people,,,The previous venue is no longer a public event space. Ask the host where this now meets.,Partly,No
Hangout (New Haven),Trans Haven,"Trans Haven, 952 State St",New Haven,community-hangouts,Monthly on the 1st Friday,7 to 9 PM,Transmasculine people,,,,Yes,No
Hangout (Middletown),Trans Haven,"Perk on Main, 386 Main St",Middletown,community-hangouts,Monthly on the 2nd Saturday,4 to 6 PM,Transmasculine people,,,,Yes,No
Queer Craft Nights,Space,Space,Hartford,arts-and-crafts,Monthly on the 1st Wednesday,Not stated,Everyone,,,"Sound level low to medium. Quiet space available. N95s provided, masks not required.",Partly,No
Out Film CT Screenings,Out Film CT,Varies,Hartford,film-nights,Usually monthly on the 2nd Thursday,Not stated,Everyone,,,Also virtual. Annual festival every June.,Partly,No
Movies That Build Community,Ferguson Library,Avon Theatre or Ferguson Library,Stamford,film-nights,Various days,Not stated,Everyone,,,Check the library calendar,No,No
Healing Drum Circle,Ferguson Library,The Hazel,Stamford,community-hangouts,Various Mondays,Not stated,Everyone,,,Meditative gathering focused on healing from racism,No,No
Molten Java Open Mic,Molten Java with Bethel Pride,Molten Java,Bethel,open-mics,Weekly on Thursdays,Not stated,Everyone,All ages,,,Partly,No
Ferguson Library LGBTQ+ Social Book Club,Ferguson Library,Harry Bennett Branch; confirm,Stamford,book-clubs,Check calendar,Not stated,LGBTQ+ people and allies,18+,,Registration required,No,No
CT Readers of Color,CT Readers of Color,Not stated,New Haven,book-clubs,Not stated,Not stated,BIPOC people and allies,,,Books on politics and social issues,No,No
Noname Reads,Noname Reads,Not stated,Hartford,book-clubs,Not stated,Not stated,Everyone,,,,No,No
Weekly LGBTQIA+ Game Night,Out In the Corner Coalition,Love It Vegan,Torrington,game-nights,Weekly on Fridays,Not stated,Everyone,All ages; 13 and under with a guardian,,,Partly,No
GAYmes Night,Triangle Community Center,Triangle Community Center,Norwalk,game-nights; sober-socials,Twice a month,Not stated,Everyone,18+,Free,Sober group,Partly,No
Nerd Night (Norwalk),Triangle Community Center,Triangle Community Center,Norwalk,tabletop-and-role-playing; sober-socials,Monthly,Not stated,Everyone,18+,,Dungeons & Dragons and tabletop role-playing. RSVP on website.,Partly,No
Board Game Club,Back Again Board Game Cafe,Back Again Board Game Cafe,Middletown,game-nights,Weekly on Wednesdays,6 PM,Everyone; new players welcome,,,Drop-in,Yes,No
Trivia at Back Again,Back Again Board Game Cafe,Back Again Board Game Cafe,Middletown,trivia,Weekly on Thursdays,7 PM,Solo players and groups welcome,,,"Drop-in, with prizes",Yes,No
Beginner Dungeons & Dragons,Back Again Board Game Cafe,Back Again Board Game Cafe,Middletown,tabletop-and-role-playing,"Monthly, usually the 3rd Friday",6 PM,Beginners,,,Drop-in tutorial with supplies provided,Yes,No
Board Game Night (Stamford),Not stated,Hop & Vine,Stamford,game-nights,Weekly on Wednesdays,7 PM,Everyone,,,,Yes,No
Nerd Night (Putnam),Chubby Dog,Chubby Dog,Putnam,game-nights,Weekly on Thursdays,5 to 9 PM,Everyone,All ages,,Bring and play games,Yes,No
Dungeons & Dragons (Danielson),Chubby Dog,Chubby Dog,Danielson / Killingly,tabletop-and-role-playing,Weekly on Tuesdays and Thursdays,5 to 9 PM,All levels,,Free,,Yes,No
Dungeons & Dragons (Putnam),Chubby Dog,Chubby Dog,Putnam,tabletop-and-role-playing,Weekly on Saturdays,12 to 5 PM,All levels,,Free,,Yes,No
Magic the Gathering Draft Night,Chubby Dog,Chubby Dog,Danielson / Killingly,tabletop-and-role-playing,Weekly on Fridays,From 5 PM,Everyone,,"Fee, amount not stated",,Yes,No
Chubby Dog Karaoke,Chubby Dog,Chubby Dog,Danielson / Killingly,karaoke,Weekly on Saturdays,Not stated,Everyone,,,,Partly,No
Bear Hands Trivia,Bear Hands Brewing Company,Bear Hands Brewing Company,Putnam,trivia,Weekly on Wednesdays,6 PM,Everyone,,,,Yes,No
Queer Adult Gaming Space,Tabletop Gaming Center,Tabletop Gaming Center,Newington,game-nights,Monthly on the 1st Sunday,3 to 6 PM,Queer adults,18 to 24,,,Yes,No
Queer Community Craft Fair,Queer Community Craft Fair,Love It Vegan,Torrington,markets-and-fairs,Monthly on the 1st Saturday,12 to 5 PM,Everyone,,,Vendors can sign up,Yes,No
Queer Climb Night,Central Rock Gym,Central Rock Gym Glastonbury,Glastonbury,sports-and-fitness,Weekly on Wednesdays,6:30 to 8 PM,Everyone,,,Source suggests calling to confirm,Yes,No
Gays off Belay,Ascent Climbing,Ascent Climbing,New Haven,sports-and-fitness,Monthly on the 1st Monday,6:30 to 7:30 or 8:30 PM,Everyone,,,End time varies; check calendar,Yes,No
Queer Gardens Club,"Bethel Pride, Rainy Day Paperback, Berry School",Varies,Bethel,outdoors,Monthly,Not stated,Everyone,,,Plant swapping and gardening,Partly,No
Adventure Group,Triangle Community Center,Varies,Norwalk,outdoors; meetups-and-mixers,Varies,Not stated,Everyone,18+,Free,"Bowling, outdoor activities, cooking lessons, lectures. RSVP required.",No,No
Bicon Social Hour,Triangle Community Center,Triangle Community Center,Norwalk,community-hangouts,Not stated,Not stated,"Bi+, pan, and queer adults",18+,Free,RSVP required,No,No
YAS! Young Adult Space,Triangle Community Center,Triangle Community Center,Norwalk,community-hangouts,Not stated,Not stated,Young adults,18 to 25,,"Resume workshops, artist circle, trail walks, movie nights",No,No
Stitch & Bitch,Triangle Community Center,Triangle Community Center,Norwalk,arts-and-crafts,Every two weeks,Not stated,Everyone,15+,,Knitting and needlepoint circle,Partly,No
Chat & Chew,Not stated,Not stated,Guilford,supper-clubs,Monthly on the 1st Tuesday,Not stated,LGBTQIA+ seniors,45+,,Sit-down dinner and conversation,Partly,No
Tea Time (adults),Not stated,Not stated,Guilford,community-hangouts,Not stated,Not stated,Gender diverse people,20+,,,No,No
Small Town Pride Meeting,Small Town Pride,Not stated,Hebron,community-hangouts,Monthly,Not stated,People in small towns across CT,,,,Partly,No
Queer Munch CT,Queer Munch CT,Varies,Statewide,meetups-and-mixers,Periodic,Not stated,"People into kink, in a non-sexual setting",18+ assumed; confirm,,Includes LGBTQ+ specific meetups,No,No
Northeast Ursamen Socials,Northeast Ursamen,Varies,Statewide,bear-nights,Periodic,Not stated,"Bears, and inclusive of all",,,"Drag bingo nights, socials, beach days, a food series, Connecticut Bear Contest",No,No
Pride Sports League,Pride Sports League,Varies,Hartford County and statewide,sports-and-fitness,Varies,Not stated,Everyone,,,"Cornhole, kickball, hikes, karaoke",No,No
CT Walking Group,CT Walking Group,Varies,Hartford County,outdoors,Varies,Not stated,"Women, queer people, people of color, people with physical support needs",,,,No,No
PRIDE Pathfinders Hikes,PRIDE Pathfinders,Varies,Litchfield,outdoors,Throughout the year,Not stated,All fitness levels,,,Hikes and social gatherings,No,No
New Haven LGBTQ+ Bowlers,New Haven LGBTQ+ Bowlers,Not stated,New Haven and East Haven,sports-and-fitness,League schedule,Not stated,Everyone,,,Bowling league,No,No
Building the Rainbow CT Events,Building the Rainbow CT,Varies,Statewide,meetups-and-mixers,Varies,Not stated,Mostly people in their 20s and 30s,,,"Craft nights, book crawls, sports games",No,No
Fairfield County Gay Men's Meetup,Fairfield County Gay Men's Meetup Group,Varies,Fairfield,meetups-and-mixers,Not stated,Not stated,Queer men,,,"Hikes, BBQs, card and board games",No,No
Transcend Events CT,Transcend Events CT,Not stated,Danbury,film-nights; game-nights,Not stated,Not stated,Everyone,,,Cult classic screenings and queer board game nights,No,No
