name,town,type,hosts_events,notes,accessibility,street_address,postal_code,latitude,longitude,website,address_source,lookup_confidence,lookup_status,lookup_note,verified
Chez Est,Hartford,Bar / cabaret,Yes,"LGBTQ+ restaurant, bar, and cabaret. Frequent events. Hosts Pink Drink Social.",Not wheelchair accessible: small set of stairs at the entrance,458 Wethersfield Ave,06114,41.743398,-72.672457,https://www.chezest.com/,https://ctvisit.com/listings/chez-est,high,open,,No
Troupe 429,Norwalk,Bar / theater / dance floor,Yes,"Gay owned and operated. Drag brunch, burlesque, karaoke, trivia, DJ dance floor.",,3 Wall St,06850,41.118342,-73.411028,https://www.troupe429.com/,https://www.troupe429.com/,high,open,The venue writes its name as Troupe429 (one word).,No
Trevi Lounge,Fairfield,Bar,Unknown,LGBTQ+ bar.,,548 Kings Hwy Cutoff,06824,41.159222,-73.242133,https://trevilounge.com/,https://karaokelocations.com/state/connecticut/city/fairfield/venue/trevi-lounge,high,open,,No
168 York Street Cafe,New Haven,Bar / eatery,Unknown,Gay bar and American eatery.,,168 York St,06511,41.308174,-72.932096,https://168yorkstcafe.com/,https://168yorkstcafe.com/page/32161-Location,high,open,,No
Partners Bar & Nightclub,New Haven,Nightclub,Unknown,LGBTQ+ nightclub and bar.,,365 Crown St,06511,41.307965,-72.934065,https://www.partnersnewhaven.com/,https://ctvisit.com/listings/partners-caf%C3%A9,high,open,Also listed as Partners Cafe; website taken from the CTvisit listing and not opened directly.,No
Dockside Resort Bar,New London,Bar,Yes,Bar with LGBTQ+ friendly events.,,2 State St,06320,41.353858,-72.093497,,https://www.yelp.com/biz/dockside-resort-bar-new-london,high,open,No website of its own found; it uses a Facebook page only.,No
Gotham Citi Cafe,New Haven,Nightclub,Yes,"Latin music, drag shows, and other LGBTQ+ focused events.",,84 Orange St,06510,41.304883,-72.924816,,https://www.newhavenindependent.org/2026/04/01/city-sets-sights-on-under-21-clubs/,low,open,"Operating status unclear: Yelp marks it closed (June 2026), while April 2026 news describes it as operating with its liquor permit renewal contested after an October 2025 shooting nearby; older listings show its former address, 130 Crown St.",No
Blue Orchid Bar & Restaurant,New Haven,Bar / restaurant,Yes,"Gay owned. Thai and Asian food. Trivia Thursdays, karaoke Saturdays, queer open mic, watch parties.",,130 Court St,06511,41.305952,-72.922552,https://blueorchidnewhaven.net/,https://blueorchidnewhaven.net/contact,high,open,Trades as Blue Orchid Pan Asian Cuisine and Bar.,No
Misfit Club,Mystic,Bar,Yes,"British pub feel. Drag Race watch parties. Brews from women, Indigenous, Black, and gay-owned breweries.",,"12 Water St, Unit 1A",06355,41.353488,-71.972262,https://misfitclub.com/,https://thisismystic.com/food-drink/bars/misfit-club/,high,open,Postal city is Mystic (a village within the town of Groton); the unit is shown as 1A on one listing and omitted or different on others.,No
Stella Blues,New Haven,Bar / music venue,Yes,"Live music, open mics, happy hours. Has hosted sapphic nights, burlesque, and drag.",,204 Crown St,06510,41.305346,-72.928553,https://www.stellabluesnewhaven.com/,https://www.stellabluesnewhaven.com/,high,open,,No
Fable Underworld,Southington,Cocktail lounge,Yes,"21+. Themed nights: film and craft night, silent art club, wine tastings.",,96 Center St,06489,41.601554,-72.880186,https://www.ctfable.com,https://www.ctfable.com/the-underworld.html,high,open,"Same building as Fable; own site gives no street number (address from listings), entrance is at the back by the Center St parking lot.",No
Semilla,Hartford,Cafe / studio,Yes,"Black-owned community cafe and studio. Houses Free Hart Closet, a free art supply shop.",,1283 Main St,06103,41.772038,-72.676115,https://semilla.cafe,https://www.eatokra.com/businesses/semilla-cafe-studio,high,open,,No
Sunberry Restaurant & Bar,Hartford,Restaurant,Yes,Family-owned Korean restaurant. Has been a venue for LGBTQ+ events.,,65 Pratt St,06103,41.767571,-72.674467,https://sunberrycafe.com,https://sunberrycafe.com/,high,open,,No
Deep River Roasters,Deep River,Cafe,Unknown,Coffee roaster with a large patio. Pride flag outside all year.,,159 Main St,06417,41.386112,-72.435604,https://www.deepriverroasters.com,https://patch.com/connecticut/essex-chester-deepriver/coffee-roaster-opens-second-location-deep-river,high,open,"Two locations: this Deep River shop and the original cafe at 6 Main St, Centerbrook.",No
Two Wrasslin' Cats Coffee House & Cafe,East Haddam,Cafe,Yes,Cat cafe and nonprofit. State Police Safe Place location.,,374 Town St,06423,41.463872,-72.443099,https://www.twowrasslincats.com,https://ctvisit.com/listings/two-wrasslin-cats-coffee-house,high,open,The venue's website did not load (domain lookup failed) when checked; address confirmed from listings.,No
Spicy Green Bean,Glastonbury,Cafe / restaurant,Yes,Often hosts LGBTQ+ friendly events. Vegan options.,,103 New London Tpke,06033,41.713911,-72.604808,https://www.thespicygreenbean.com,https://www.thespicygreenbean.com/contact,high,open,,No
Ashlawn Farm Coffee,Old Saybrook,Cafe,Unknown,House-roasted coffee and baked goods.,,455 Boston Post Rd #1,06475,41.303283,-72.374317,https://farmcoffee.com,https://farmcoffee.com/contact/,high,open,,No
Back Again Board Game Cafe,Middletown,Board game cafe,Yes,"Board Game Club Wednesdays, trivia Thursdays, beginner D&D monthly, periodic GAYme nights.",,484 Main St Suite 11,06457,41.562921,-72.650794,https://backagaincafe.com,https://backagaincafe.com/contact-us/,high,open,,No
The Port of Call and Dive,Mystic,Cocktail lounge / restaurant,Yes,Nautical themed. Hosts drag shows.,,15 Water St,06355,41.352443,-71.971216,https://theportofcallct.com,https://theportofcallct.com/hours-address-contact,high,open,Two venues at one address: The Port of Call upstairs and Dive bar below it.,No
Oyster Club,Mystic,Restaurant,Unknown,Sister restaurant to Port of Call. Executive chef is a queer woman.,,13 Water St,06355,41.352887,-71.971952,https://www.oysterclubct.com,https://www.oysterclubct.com/,high,open,,No
Fable,Southington,Cafe / shop,Yes,Immersive fantasy-themed cafe with craft workshops and events. Fable Underworld lounge is inside.,,96 Center St,06489,41.601554,-72.880186,https://www.ctfable.com,https://joe.coffee/locations/ct/southington/fable-southington-100dcf8a-5fda-4520-bf72-da146c9226ca/,high,open,Shares its address with Fable Underworld; own site gives no street number (address from listings).,No
Sol y Luna,Hartford,Restaurant,Yes,Mexican restaurant with curated mezcal. Frequently hosts LGBTQ+ events for Tias Roommate.,,10 Capitol Ave,06106,41.760955,-72.675124,https://solylunaconnecticut.com,https://solylunaconnecticut.com/,high,open,,No
Molten Java,Bethel,Cafe / music venue,Yes,"Coffee house, gallery, and music venue. Weekly all-ages open mic with Bethel Pride.",,213 Greenwood Ave,06801,41.371802,-73.416249,https://moltenjava.wordpress.com,https://ctvisit.com/listings/molten-java,high,open,Website is as listed by CTvisit and was not opened directly.,No
The Laurel,West Hartford,Restaurant,Unknown,"Gay owned. Globally inspired, locally sourced.",,1046 New Britain Ave,06110,41.730568,-72.725711,https://www.thelaurelrestaurantandbar.com,https://www.thelaurelrestaurantandbar.com/,high,open,,No
The Flying Monkey Grill Bar,Newington,Bar / grill,Unknown,"Gay owned. American fare, martinis, draft beer.",,2095 Berlin Tpke,06111,41.695642,-72.705264,https://www.theflyingmonkeygrill.com,https://www.theflyingmonkeygrill.com/,high,open,,No
Love It Vegan,Torrington,Restaurant,Yes,Hosts the weekly LGBTQIA+ game night and the monthly Queer Community Craft Fair.,,73 Main St,06790,41.801857,-73.121516,https://loveitvegan.com,https://loveitvegan.com/contact-us,high,open,A Toast ordering listing shows 90 Pulaski St Apt 1 instead; the venue's own site says 73 Main St.,No
Not A Phase Cafe,Newington,Cafe,Unknown,Emo themed cafe. Vegan and gluten free options.,,1100 Main St,06111,41.696787,-72.722912,https://notaphasecafe.com,https://notaphasecafe.com/,high,open,,No
Firestone,Manchester,Pottery cafe / studio,Yes,Pottery painting and art classes for adults and children.,,1115 Main St,06040,41.766611,-72.520201,https://www.thefirestonect.com,https://www.yelp.com/biz/the-firestone-manchester-2,high,open,Full name is The Firestone Art Studio + Cafe.,No
Bear Hands Brewing Company,Putnam,Brewery,Yes,Hosts events for Quiet Corner Pride. Weekly trivia Wednesdays at 6 PM.,,75 Main St #1,06260,41.915112,-71.908564,https://bearhandsbrewing.com,https://bearhandsbrewing.com/contact-us/,high,open,,No
The Bean,Windsor,Cafe,Unknown,Queer owned coffee shop.,,226 Broad St,06095,41.851685,-72.644347,https://thebean226.company,https://thebean226.company/,high,open,"Trading name is The Bean @226; the website domain is unusual, so confirm it is the cafe's own site.",No
Mothership Cafe,Danbury,Cafe,Unknown,Hosted queer game nights at one point; the source is unsure whether it still does.,,331 Main St,06810,41.397411,-73.455016,https://www.mothershipbakeryandcafe.com,https://www.mothershipbakeryandcafe.com/location/mothership-bakery-and-cafe/,high,open,Full name is Mothership Bakery & Cafe (also listed as Mothership on Main).,No
Klekolo World Coffee,Middletown,Cafe,Yes,"Community-owned roaster. Regular art, music, and community events.",,181 Court St,06457,41.559458,-72.650546,https://klekoloworldcoffee.com,https://klekoloworldcoffee.com/,high,open,Correct name is Klekolo World Coffee; the list's spelling is wrong.,No
Tony's Flour Shop,Cromwell,Bakery,Unknown,"Queer owned. Themed pastries, different menu every week.",,548 Main St,06416,41.618505,-72.653588,https://tonysflourshop.com,https://www.giftly.com/gift-card/tonys-flour-shop-cromwell,medium,open,"Own website does not show the address; 548 Main St comes from listings (Yelp, Giftly) and one search summary mentioned an older 322 Main St.",No
Half Full Brewery / Third Place,Stamford,Brewery,Yes,Hosts Stamford Pride's monthly meetup. Alcoholic and non-alcoholic drinks.,,575 Pacific St,06902,41.045547,-73.537866,https://halffullbrewery.com,https://halffullbrewery.com/location/third-place/,high,open,Site mentions a separate Brewpub/Beer Garden section with no address of its own found; address given is Third Place.,No
Queen B,Ridgefield,Cafe,Yes,Collaborates on events with Ridgefield Pride.,,417 Main St,06877,41.282121,-73.498670,https://www.queenbcoffeecompany.com,https://www.queenbcoffeecompany.com/contact,high,open,,No
The Rose Room,Danielson,Cafe,Unknown,Cafe inside Logee's plant store.,Gender neutral restrooms. Logee's is wheelchair accessible.,141 North St,06239,41.815664,-71.882733,https://www.theroseroomcafe.com,https://www.theroseroomcafe.com/home,high,open,"Inside Logee's Plants and seasonal (roughly Christmas to May/June); main cafe is in Webster, MA, and one page of its site shows a typo '41 North St'.",No
Chubby Dog,Putnam,Cafe,Yes,"Two locations. Nerd Night, D&D, Magic draft nights, karaoke, drag shows.",,164 Main St,06260,41.916241,-71.909722,https://chubbydogcoffee.com,https://chubbydogcoffee.com,high,open,"One of two locations. The other is at 144 Main St, Danielson.",No
Chubby Dog,Danielson,Cafe,Yes,"Two locations. Nerd Night, D&D, Magic draft nights, karaoke, drag shows.",,144 Main St,06239,41.806789,-71.881674,https://chubbydogcoffee.com,https://chubbydogcoffee.com,high,open,"Second location of Chubby Dog. The other is at 164 Main St, Putnam.",No
Hop & Vine,Stamford,Bar,Yes,Hosts a Wednesday board game night.,,30 Spring St,06901,41.056931,-73.538986,https://hopandvinect.com,https://hopandvinect.com/,high,open,,No
New Haven Pride Center,New Haven,Community center,Yes,"Case management, support, and cultural programming. Food pantry and clothing closet.",,50 Orange St,06510,41.304325,-72.925244,https://www.newhavenpridecenter.org/,https://www.newhavenpridecenter.org/,high,moved,Moved from 84 Orange St to 50 Orange St; some directories still show the old address.,No
Bridgeport Pride Center,Bridgeport,Community center,Unknown,Pride center with a food bank.,,166 Elm St,06604,41.179344,-73.192422,https://www.bridgeportpridecenter.org,https://www.bridgeportpridecenter.org/contact,high,open,Own contact page shows both ZIP 06604 and 06605; other sources use 06604.,No
Triangle Community Center,Norwalk,Community center,Yes,"Fairfield County center. Runs many groups: GAYmes Night, Nerd Night, Adventure Group, Bicon Social Hour, YAS!, Stitch & Bitch.",,650 West Ave,06850,41.114288,-73.415493,https://www.ctpridecenter.org,https://www.ctpridecenter.org/contact-us/,high,open,,No
Trans Haven,"New Haven (also Hartford, Middletown)",Community space,Yes,"952 State St, New Haven. By and for trans people. Hosts most of the monthly identity-based hangouts.",,952 State St,06511,41.315253,-72.910595,https://peerpride.com/transhaven/,https://peerpride.com/transhaven/,high,open,"Main space is 952 State St (shared building with Spruce Coffee); it also runs groups at 30 Ashley St, Hartford and at Perk On Main, 386 Main St, Middletown.",No
Real Art Ways,Hartford,Arts space / cinema,Yes,"Visual art, independent cinema, live music, theater. Frequently hosts BIPOC and LGBTQ+ centered events.",Wheelchair accessible. Assisted listening devices at the cafe.,56 Arbor St,06106,41.759559,-72.703170,https://www.realartways.org,https://www.realartways.org/visit/,high,open,,No
Kamora's Cultural Corner,Hartford,Community space,Yes,"Workshops, classes, and social events from a Black Queer and Afrocentric perspective.",,75 Sterling St,06112,41.779113,-72.694827,https://kamorasculturalcorner.com,https://www.connecticutmuseum.org/venue/kamoras-cultural-corner/,medium,open,"Own website shows no address; street comes from third-party listings and the ZIP 06112 from a search summary only, so confirm before publishing.",No
Best Video Film & Cultural Center,Hamden,Cultural center,Yes,"Film screenings, live music, coffee shop. Often hosts queer events.",,1842 Whitney Ave,06517,41.365805,-72.908668,https://www.bestvideo.com,https://www.bestvideo.com/,high,open,,No
CNTR,Middletown,Community space,Yes,"BIPOC and LGBTQ+ friendly. Workshops, screenings, performances, art showings.",,725 Main St,06457,41.565571,-72.654106,https://culturecntr.us,https://www.yelp.com/biz/cntr-us-middletown,medium,open,Also known as CultureCNTR and listed on Yelp as The Free Center (Trolley Barn); own homepage does not show the street address.,No
TheaterWorks,Hartford,Theater,Yes,Nonprofit professional theater company. Gay owned.,,233 Pearl St,06103,41.766297,-72.677782,https://twhartford.org,https://twhartford.org/,high,open,,No
Afro-Caribbean Cultural Center,Waterbury,Cultural center,Yes,LGBTQ+ friendly. Past events include a BIPOC LGBTQIA+ healing retreat.,,158 Grand St,06702,41.554252,-73.042065,https://www.taino-nation.org,https://content.ctpublic.org/organization/afro-caribbean-cultural-center-accc/,medium,open,"Conflicting addresses: listings give 158 Grand St, older sources 174 Grand St, and its own site lists only a mailing address of 15 Martin St, 06706.",No
Space,Hartford,Community space,Yes,Hosts Queer Craft Nights.,Ramp and elevator. No gender neutral bathrooms. Free parking. Bus stop one block away. Quiet space available.,,,,,,,low,not_found,Could not be identified from its name. Ask the directory author for a link.,No
Perk on Main,Middletown,Cafe,Yes,386 Main St. Hosts the Middletown transfeminine and transmasculine hangouts.,,386 Main St,06457,41.559747,-72.649139,https://perkonmain.com,https://perkonmain.com/,high,open,,No
Unitarian Society of Hartford,Hartford,Meeting space,Yes,50 Bloomfield Ave. Hartford Gay Men's Chorus rehearses here.,,50 Bloomfield Ave,06105,41.788712,-72.713138,https://ushartford.org,https://ushartford.org/contact/,high,open,,No
Ferguson Library,Stamford,Library,Yes,"LGBTQ+ Social Book Club, Movies That Build Community, sponsors the Healing Drum Circle.",,1 Public Library Plaza,06904,,,https://www.fergusonlibrary.org,https://www.fergusonlibrary.org/locations-hours/main,high,open,Several branches; this is the Main Library (DiMattia Building). Confirm which branch hosts the events. No map position was found for this address.,No
The Hazel,Stamford,Venue,Yes,Hosts the Healing Drum Circle.,,,,,,,,low,not_found,"The only match found is an apartment building at 44 John St, with no sign it is a public venue. Ask the host where this is.",No
Avon Theatre,Stamford,Cinema,Yes,Hosts some Movies That Build Community screenings.,,272 Bedford St,06901,41.057190,-73.538492,https://avontheatre.org,https://avontheatre.org/,high,open,,No
Ivoryton Playhouse,Ivoryton,Theater,Yes,LGBTQ+ friendly theater with professional productions.,,103 Main St,06442,41.348686,-72.442222,https://www.ivorytonplayhouse.org,https://www.ivorytonplayhouse.org/contact-ivoryton-playhouse,high,open,,No
Katharine Hepburn Cultural Arts Center,Old Saybrook,Performing arts center,Yes,Gay friendly performing arts center.,,300 Main St,06475,41.290448,-72.375510,https://www.thekate.org,https://www.thekate.org/about/contact-us/,high,open,,No
New Pond Farm,Redding,Education center / farm,Yes,Environmental education center. Has partnered with Bethel Pride.,Gender neutral restroom,101 Marchant Rd,06896,41.315121,-73.430240,https://newpondfarm.org,https://ctvisit.com/listings/new-pond-farm-education-center,high,open,,No
Little Dipper Farm,Brooklyn,Farm,Yes,"Farm dinners, afternoon teas, live music, festivals, and markets.",,499 Wolf Den Rd,06234,41.812476,-71.975254,https://littledipperfarm.org,https://littledipperfarm.org/,high,open,,No
Strange Ways,New Haven,Shop,Yes,"Independent designers. Hosts Queer Mixers, its most popular in-store event.",,151 Orange St,06510,41.305833,-72.923856,https://www.strange-ways.com/,https://www.strange-ways.com/pages/storefront,high,open,,No
Witch Bitch Thrift,New Haven,Shop,Yes,Run by queer women. Size and gender inclusive. Reading parties and open mics.,,105 Whitney Ave,06511,41.313532,-72.921341,https://www.witchbitchthrift.com/,https://www.witchbitchthrift.com/,high,open,,No
Possible Futures,New Haven,Bookshop / reading room,Yes,"Book clubs, knitting circles, book talks, comedy nights. Very LGBTQ+ and BIPOC inclusive.",,318 Edgewood Ave,06511,41.313350,-72.944984,https://www.possiblefuturesbooks.com/,https://www.newpages.com/bookstore/new-haven-possible-futures-bookstore/,high,open,,No
Never Ending Books,New Haven,Bookshop,Yes,Free books and a free space for gigs and gatherings. LGBTQIA and BIPOC events encouraged.,,810 State St,06511,41.312698,-72.914659,https://neverendingbooks.net/,https://neverendingbooks.net/,high,open,Now operates as Volume Two: A Never Ending Books Collective.,No
Elm City Games,New Haven,Game store,Yes,Queer owned. Play space. Hosts many game nights.,,71 Orange St,06510,41.304611,-72.924731,https://www.elmcitygames.com/,https://www.yelp.com/biz/elm-city-games-new-haven,high,open,,No
Tabletop Gaming Center,Newington,Game store,Yes,"Queer adult gaming space first Sunday monthly, ages 18 to 24.",,741 New Britain Ave,06111,41.670968,-72.753459,https://www.tabletopgamingcenter.com,https://www.tabletopgamingcenter.com/pages/contact-us,high,open,,No
Rainy Day Paperback,Bethel,Bookshop,Yes,Used and rare paperbacks. Hosts queer events. Partner in the Queer Gardens Club.,,81 Greenwood Ave,06801,41.371884,-73.408304,https://www.rainydaypaperback.com,https://www.yelp.com/biz/rainy-day-paperback-exchange-bethel,high,open,,No
Bank Square Books,Mystic,Bookshop,Yes,Collaborates often with Stonington Pride.,,"80 Stonington Rd, Suite 8",06355,41.344086,-71.951793,https://banksquarebooks.com,https://banksquarebooks.com/contact-us,high,moved,Moved from 53 W Main St (downtown Mystic) to 80 Stonington Rd; older listings still show the old address.,No
The Enchanted Violet,Southington,Bookshop,Unknown,Queer owned LGBTQIA+ bookstore.,,"51 N Main St, Unit 1D",06489,41.602471,-72.878124,,https://maps.apple.com/place?place-id=I3E3874AE93A5A82A,medium,open,Street address agrees across listings but the unit is shown as '1D' in some and '1' in others; no own website found.,No
Obodo Serendipity Books,Stratford,Bookshop,Unknown,"Black, queer, and woman owned.",,3588 Main St,06614,41.209238,-73.130121,https://www.obodoserendipitybooks.com,https://www.obodoserendipitybooks.com/,high,open,,No
Central Rock Gym Glastonbury,Glastonbury,Climbing gym,Yes,Queer Climb Night Wednesdays. Annual Pride Night in June.,,259 Eastern Blvd,06033,41.723286,-72.582491,https://centralrockgym.com/glastonbury/,https://centralrockgym.com/glastonbury/,high,open,,No
Ascent Climbing,New Haven,Climbing gym,Yes,Gays off Belay meetup first Monday monthly.,,"470 James St, Suite 004",06513,41.315176,-72.905184,https://ascentclimbinggym.com/,https://ascentclimbinggym.com/contact,high,open,Trades as Ascent New Haven.,No
Empowered Aerial Fitness,Stamford,Fitness studio,Yes,"Aerial, pole, and dance classes for adults 18+. Known to have queer attendees.",,316 Courtland Ave,06906,41.067584,-73.517505,https://www.empoweredaerialfitness.com,https://www.empoweredaerialfitness.com/contact,high,open,,No
